Workbook

Sheet Empresas
A1: # | B1: Empresa | C1: Categoría | D1: Perfil ciclo | E1: Dirección (Zaragoza) | F1: Teléfono | G1: Web | H1: Prioridad | I1: Notas | J1: Estado convenio | K1: Tutor/a dual responsable | L1: Persona de contacto | M1: Fecha contacto | N1: Resultado / seguimiento
A2: 1 | B2: Aratecnia Sistemas y Servicios | C2: Soporte IT empresas | D2: SMR/ASIR | E2: C. Pedro Villacampa 48, 50015 | F2: 976 52 45 84 | G2: aratecnia.es | H2: Alta | I2: Mantenimiento IT pymes | J2: Sin contactar
A3: 2 | B3: Goya Soluciones Informáticas | C3: Soporte IT empresas | D3: SMR/ASIR | E3: Av. Puente del Pilar 37, 50014 | F3: 976 30 28 58 | G3: goyasoluciones.com | H3: Alta | J3: Sin contactar
A4: 3 | B4: Informática Ingenia | C4: Soporte IT empresas | D4: SMR | E4: Camino de las Torres 4, 50002 | F4: 976 31 74 12 | G4: ingenia-aragon.es | H4: Alta | I4: Soporte hw/sw | J4: Sin contactar
A5: 4 | B5: OnSAT Servicios Informáticos | C5: Soporte IT empresas | D5: SMR/ASIR | E5: C. El Acorazado Potemkin 3, 50019 | F5: 976 79 20 41 | G5: onsat.es | H5: Alta | I5: SAT + consultoría | J5: Sin contactar
A6: 5 | B6: Albada Servicios Informáticos | C6: Soporte IT empresas | D6: SMR | E6: C. Miguel de Cervantes 24, 50006 | F6: 976 46 83 38 | G6: albada.es | H6: Alta | J6: Sin contactar
A7: 6 | B7: Tempus Informática | C7: Soporte IT empresas | D7: SMR/ASIR | E7: C. Reina Fabiola 37, of. 124, 50008 | F7: 976 59 16 07 | G7: tempus.es | H7: Alta | J7: Sin contactar
A8: 7 | B8: Carrie Servicios Informáticos | C8: Soporte IT empresas | D8: SMR | E8: C. Lastanosa 30, 50010 | F8: 976 30 02 48 | G8: carrieserviciosinformaticos.es | H8: Media | J8: Sin contactar
A9: 8 | B9: MEGASTAR | C9: Soporte IT empresas | D9: SMR | E9: Andador Paula Montal Fornés 4, 50018 | F9: 976 46 66 44 | G9: megastar.es | H9: Media | I9: Particulares y empresas | J9: Sin contactar
A10: 9 | B10: Informática Miranda Digital (Sage) | C10: Soporte IT empresas | D10: SMR/DAW | E10: Andador Paula Montal Fornés 4, 50018 | F10: 976 56 99 30 | G10: imdigital.es | H10: Media | I10: Partner Sage + web | J10: Sin contactar
A11: 10 | B11: iDoo Tech | C11: Soporte IT empresas | D11: SMR | E11: Av. Gómez Laguna 25, pl. 5, 50009 | F11: 976 91 01 30 | G11: idootech.com | H11: Media | I11: Apple / pymes | J11: Sin contactar
A12: 11 | B12: SolucionesDS | C12: Soporte IT empresas | D12: SMR | E12: C. Martín Carrillo 5, 50001 | F12: 976 46 80 69 | G12: solucionesds.es | H12: Media | I12: Partner Lenovo | J12: Sin contactar
A13: 12 | B13: Pernía Informática | C13: Soporte IT empresas | D13: SMR | E13: C. Dr. Iranzo 90, 50002 | F13: 976 13 37 91 | G13: perniasistemas.com | H13: Media | I13: Tienda + consultoría | J13: Sin contactar
A14: 13 | B14: Acosis | C14: Soporte IT empresas | D14: SMR/ASIR | E14: C. José Mª Lacarra de Miguel 40, 50008 | F14: 976 30 24 10 | H14: Alta | J14: Sin contactar
A15: 14 | B15: Aragonesa de Tecnología | C15: Soporte IT empresas | D15: SMR/ASIR | E15: Av. Valencia 28, pl. 6 of. 1, 50005 | F15: 976 42 93 73 | H15: Alta | J15: Sin contactar
A16: 15 | B16: Atlas Proyectos Informáticos | C16: Soporte IT empresas | D16: SMR/ASIR | E16: Av. Cesáreo Alierta 23-25, of. 113-114, 50008 | F16: 976 59 08 45 | H16: Alta | I16: SAP Business One + soporte | J16: Sin contactar
A17: 16 | B17: ZILON Informática para empresas | C17: Soporte IT empresas | D17: SMR | E17: C. Añón 18, 50002 | F17: 633 32 44 00 | H17: Media | J17: Sin contactar
A18: 17 | B18: Infoelite | C18: Soporte IT empresas | D18: SMR | E18: C. Adolfo Aznar 28, 50018 | F18: 976 74 21 43 | H18: Media | J18: Sin contactar
A19: 18 | B19: Visualcom Soluciones Informáticas | C19: Soporte IT empresas | D19: SMR | E19: C. Felisa Galé 1, 50014 | F19: 976 25 90 99 | H19: Media | I19: Mismo grupo que Ahora Express / Zierzo | J19: Sin contactar
A20: 19 | B20: ACCIONET | C20: Soporte IT empresas | D20: SMR/ASIR | E20: C. Francisco Rallo Lahoz 29, 1ºD, 50011 | F20: 976 37 39 73 | H20: Media | I20: Servicios TIC | J20: Sin contactar
A21: 20 | B21: eMenntun | C21: Soporte IT empresas | D21: SMR | E21: C. Coso 102, entlo. of. 4, 50001 | F21: 646 81 07 61 | H21: Baja | I21: Unipersonal, formación | J21: Sin contactar
A22: 21 | B22: Planea Soluciones | C22: Soporte IT empresas | D22: SMR/DAW | E22: C. San Agustín 8, 50002 | F22: 876 66 10 10 | H22: Media | I22: Web + email + soporte | J22: Sin contactar
A23: 22 | B23: Arona Systems | C23: Redes y telecomunicaciones | D23: SMR/ASIR | E23: C. Ntra. Sra. de Covadonga 18-20, 50017 | F23: 976 39 41 55 | G23: aronasystems.com | H23: Alta | I23: Cableado estructurado | J23: Sin contactar
A24: 23 | B24: Sincronet Security & Networking | C24: Redes y ciberseguridad | D24: SMR/ASIR | E24: C. Ibón de Estanés 10, 50011 | F24: 976 46 76 21 | G24: sincronet.es | H24: Alta | J24: Sin contactar
A25: 24 | B25: ZADITEL | C25: Redes y telecomunicaciones | D25: SMR/ASIR | E25: C. José Donoso 13, 50018 | F25: 976 79 99 99 | G25: zaditel.com | H25: Alta | J25: Sin contactar
A26: 25 | B26: Balui Digital | C26: Redes y ciberseguridad | D26: SMR/DAW | E26: C. Miquel Roca i Junyent 7, pl. 2, 50011 | F26: 976 36 23 23 | G26: baluidigital.es | H26: Media | I26: Ciberseguridad, web, TPV | J26: Sin contactar
A27: 26 | B27: Ciberseguridad Gobernada (Cibergob) | C27: Redes y ciberseguridad | D27: ASIR | E27: Ed. Náyade, C. Bari 55, of. 211, PLAZA 50197 | F27: 876 64 66 15 | G27: cibergob.es | H27: Media | J27: Sin contactar
A28: 27 | B28: Zierzo Telecom | C28: Redes y telecomunicaciones | D28: SMR | E28: C. Felisa Galé 1, 50014 | F28: 876 66 11 50 | H28: Media | I28: Operador local | J28: Sin contactar
A29: 28 | B29: Grupo Soastel | C29: Redes y telecomunicaciones | D29: SMR | E29: Pol. Malpica, C. F parc. 57 nave 20, 50016 | F29: 976 79 91 91 | H29: Media | J29: Sin contactar
A30: 29 | B30: Embou (MásMóvil) | C30: Redes y telecomunicaciones | D30: SMR/ASIR | E30: Av. Juan Pablo II 35, 50009 | F30: 622 48 42 19 | G30: embou.com | H30: Media | I30: Operador aragonés, sede corporativa | J30: Sin contactar
A31: 30 | B31: La Casa de la Fibra | C31: Redes y telecomunicaciones | D31: SMR | E31: C. Compromiso de Caspe 107, 50002 | F31: 876 03 02 00 | H31: Baja | I31: Operador local | J31: Sin contactar
A32: 31 | B32: Finetwork Zaragoza Goya | C32: Redes y telecomunicaciones | D32: SMR | E32: Av. Goya 96, 50005 | F32: 876 01 57 66 | H32: Baja | I32: Tienda operador | J32: Sin contactar
A33: 32 | B33: Libelium | C33: Redes y telecomunicaciones | D33: ASIR/DAM | E33: C. María Zambrano 31, torre este pl. 7, 50018 | F33: 976 54 74 92 | G33: libelium.com | H33: Media | I33: IoT | J33: Sin contactar
A34: 33 | B34: Hiberus | C34: Consultora / gran empresa | D34: SMR/ASIR/DAM/DAW | E34: Pº Isabel la Católica 6, 50009 | F34: 976 10 66 20 | G34: hiberus.com | H34: Alta | I34: Mayor empleador TIC de Aragón; tiene helpdesk | J34: Sin contactar
A35: 34 | B35: Hiberus Booster (antes Factory Apps) | C35: Consultora / gran empresa | D35: DAM/DAW | E35: Pº Isabel la Católica 6, 50009 | G35: hiberusbooster.com | H35: Media | I35: Desarrollo apps | J35: Sin contactar
A36: 35 | B36: Inycom | C36: Consultora / gran empresa | D36: SMR/ASIR/DAM | E36: PLAZA, C. Alaún 8, 50197 | F36: 976 01 33 00 | G36: inycom.es | H36: Alta | I36: Servicios TI + electromedicina | J36: Sin contactar
A37: 36 | B37: NTT DATA (everis Aragón) | C37: Consultora / gran empresa | D37: DAM/DAW/ASIR | E37: Pl. Antonio Beltrán Martínez 1, pl. 9, 50002 | F37: 976 48 20 80 | G37: nttdata.com | H37: Alta | I37: Oficina Aragonia: Av. Juan Pablo II 35, pl. 6 | J37: Sin contactar
A38: 37 | B38: Capgemini Zaragoza | C38: Consultora / gran empresa | D38: DAM/DAW/ASIR | E38: C. Eduardo Ibarra 6, of. 2.4, 50009 | F38: 912 15 37 00 | G38: capgemini.com | H38: Media | J38: Sin contactar
A39: 38 | B39: Deloitte Zaragoza | C39: Consultora / gran empresa | D39: DAM/DAW | E39: C. María Zambrano 31, torre oeste pl. 16, 50018 | F39: 976 21 46 75 | G39: deloitte.com | H39: Media | I39: Área tecnología | J39: Sin contactar
A40: 39 | B40: Indra Sistemas Zaragoza | C40: Consultora / gran empresa | D40: DAM/ASIR | E40: C. María Zambrano 31, 50018 | F40: 914 80 50 00 | G40: indracompany.com | H40: Media | J40: Sin contactar
A41: 40 | B41: Viewnext (IBM) | C41: Consultora / gran empresa | D41: DAM/DAW/ASIR | E41: Av. Gómez Laguna 25, pl. 11, 50009 | F41: 976 15 50 00 | G41: viewnext.com | H41: Alta | I41: Reseña: da oportunidades a recién titulados | J41: Sin contactar
A42: 41 | B42: EFOR | C42: Consultora / gran empresa | D42: SMR/ASIR/DAM | E42: Pl. Roma F-1, pl. 1, 50010 | F42: 976 46 76 76 | G42: efor.es | H42: Alta | I42: Grupo Integra | J42: Sin contactar
A43: 42 | B43: Integra Estrategia y Tecnología | C43: Consultora / gran empresa | D43: SMR/ASIR/DAM | E43: Pl. Roma F-1, pl. 1, 50010 | F43: 976 46 76 76 | G43: integratecnologia.es | H43: Alta | I43: Mismo grupo que EFOR | J43: Sin contactar
A44: 43 | B44: Suitech Consultoría y Tecnología | C44: Consultora / gran empresa | D44: DAM/ASIR | E44: Pl. Roma F-1, pl. 1, 50010 | F44: 629 20 35 11 | H44: Media | I44: Mismo edificio que EFOR | J44: Sin contactar
A45: 44 | B45: Nologin Consulting | C45: Consultora / gran empresa | D45: ASIR/DAM | E45: Av. Ranillas 1D, pl. 3 of. 3G, 50018 | F45: 976 51 24 33 | G45: nologin.es | H45: Alta | I45: Sistemas, VDI | J45: Sin contactar
A46: 45 | B46: flexVDI | C46: Consultora / gran empresa | D46: ASIR | E46: Av. Ranillas 1D, of. 3G, 50018 | F46: 976 51 24 33 | G46: flexvdi.com | H46: Media | I46: Producto de Nologin | J46: Sin contactar
A47: 46 | B47: Nettrim | C47: Consultora / gran empresa | D47: DAM/DAW | E47: Av. Ranillas 1D, of. 3I, 50018 | F47: 976 24 95 28 | H47: Media | J47: Sin contactar
A48: 47 | B48: Babel Consultora Tecnológica | C48: Consultora / gran empresa | D48: DAM/DAW/ASIR | E48: Av. Ciudad de Soria 8, La Terminal pl. 4, 50003 | F48: 931 89 56 59 | G48: babelgroup.com | H48: Media | J48: Sin contactar
A49: 48 | B49: ZIMALTEC | C49: Consultora / gran empresa | D49: DAM/ASIR | E49: Ctra. Aeropuerto km 4, Ed. San Lamberto of. 9, 50011 | F49: 976 08 04 65 | G49: zimaltec.es | H49: Media | I49: Microsoft Dynamics | J49: Sin contactar
A50: 49 | B50: Advance Soluciones (Business Central) | C50: Consultora / gran empresa | D50: DAM/ASIR | E50: C. Cuatro de Agosto 18, pl. 3, 50003 | F50: 976 79 77 19 | H50: Media | I50: Partner Navision/BC | J50: Sin contactar
A51: 50 | B51: Golive | C51: Consultora / gran empresa | D51: DAM | E51: C. Madre Rafols 2, pl. 1, 50004 | F51: 976 79 73 04 | H51: Baja | I51: Industria y transporte | J51: Sin contactar
A52: 51 | B52: Deveco | C52: Consultora / gran empresa | D52: DAM | E52: Pº Pamplona 5, pl. 6, 50004 | F52: 976 50 03 23 | H52: Baja | I52: IA y automatización | J52: Sin contactar
A53: 52 | B53: TAKTIC | C53: Consultora / gran empresa | D53: DAM/DAW | E53: Pº Isabel la Católica 6, pl. 2, 50009 | F53: 976 23 02 43 | H53: Baja | I53: Transformación digital | J53: Sin contactar
A54: 53 | B54: Idea Consulting | C54: Consultora / gran empresa | D54: SMR/DAM | E54: Pº Sagasta 54, 50006 | F54: 976 48 68 68 | H54: Media | J54: Sin contactar
A55: 54 | B55: Maubic Consultoría Tecnológica | C55: Consultora / gran empresa | D55: DAM | E55: C. Coso 67, 6-C, 50001 | F55: 876 53 68 88 | H55: Baja | J55: Sin contactar
A56: 55 | B56: ITAINNOVA (Instituto Tecnológico de Aragón) | C56: Organismo público / I+D | D56: ASIR/DAM | E56: C. María de Luna 7, 50018 | F56: 976 01 00 00 | G56: itainnova.es | H56: Alta | I56: Admite FCT; vía convenio DGA | J56: Sin contactar
A57: 56 | B57: Aragonesa de Servicios Telemáticos (AST) | C57: Organismo público / I+D | D57: SMR/ASIR | E57: Av. Ranillas 3A, pl. 3 of. J, 50018 | F57: 976 71 44 95 | G57: ast.aragon.es | H57: Alta | I57: TIC del Gobierno de Aragón | J57: Sin contactar
A58: 57 | B58: Ibercaja Connect | C58: Organismo público / I+D | D58: SMR/ASIR | E58: C. Bari 49, pl. 2, PLAZA 50197 | F58: 976 74 88 00 | H58: Media | I58: Grupo Ibercaja; consultar Ibercaja Tech | J58: Sin contactar
A59: 58 | B59: Memorándum Tecnología | C59: Desarrollo software | D59: DAM/DAW | E59: Av. Cesáreo Alierta 53, pl. 1, 50008 | F59: 876 01 99 22 | G59: memorandum.es | H59: Media | I59: Software + IA + Kit Digital | J59: Sin contactar
A60: 59 | B60: ARANOVA | C60: Desarrollo software | D60: DAM/DAW | E60: C. Monte Perdido 4 (Pl. Fonz 4), 50015 | F60: 976 51 76 11 | H60: Media | I60: Streaming, plataformas | J60: Sin contactar
A61: 60 | B61: Integración y Desarrollo de Aplicaciones (IDA) | C61: Desarrollo software | D61: DAM | E61: C. Isla de Menorca 1, local 2, 50014 | F61: 976 46 03 50 | H61: Media | I61: Software de gestión | J61: Sin contactar
A62: 61 | B62: Digital SP | C62: Desarrollo software | D62: DAW/DAM | E62: Etopia, Av. Ciudad de Soria 8, pl. 4 B01, 50003 | F62: 647 08 31 54 | H62: Media | I62: Programación a medida | J62: Sin contactar
A63: 62 | B63: DREAMS Diseño y Desarrollo | C63: Desarrollo software | D63: DAW | E63: C. Cuatro de Agosto 18, 50003 | F63: 976 39 14 15 | H63: Media | I63: Web, e-commerce, cloud | J63: Sin contactar
A64: 63 | B64: VGS Proyectos Digitales | C64: Desarrollo software | D64: DAW/ASIR | E64: C. Ibón de Estanés 16, 50011 | F64: 976 47 25 39 | H64: Alta | I64: E-commerce, cloud | J64: Sin contactar
A65: 64 | B65: Piensa En Web | C65: Desarrollo software | D65: DAW | E65: Pl. San Felipe 1, 2º, 50003 | F65: 674 04 52 65 | G65: piensaenweb.com | H65: Media | J65: Sin contactar
A66: 65 | B66: Frucomedia | C66: Desarrollo software | D66: DAW | E66: C. San Agustín 4, local 4, 50002 | F66: 610 85 00 53 | H66: Baja | I66: Shopify, unipersonal | J66: Sin contactar
A67: 66 | B67: rIL Studio | C67: Desarrollo software | D67: DAW | E67: C. José Mª Lacarra de Miguel 40, 50008 | F67: 876 28 25 32 | H67: Media | I67: Web + SEO | J67: Sin contactar
A68: 67 | B68: Mano de Mono Estudio | C68: Desarrollo software | D68: DAW | E68: C. José de la Hera 3, 50001 | F68: 618 16 50 23 | H68: Baja | I68: Diseño web | J68: Sin contactar
A69: 68 | B69: Analíticamente | C69: Desarrollo software | D69: DAW | E69: C. Previsión Social 10, 50008 | F69: 619 98 44 04 | H69: Baja | I69: Marketing digital / web | J69: Sin contactar
A70: 69 | B70: Agencia Omnia | C70: Desarrollo software | D70: DAW | E70: Pl. San Francisco 14, pl. 1 of. 4, 50006 | F70: 634 46 73 07 | H70: Baja | I70: Marketing digital / web | J70: Sin contactar
A71: 70 | B71: Social11 | C71: Desarrollo software | D71: DAW/DAM | E71: Pº Independencia 19, 6º dcha, 50001 | F71: 876 03 28 07 | H71: Baja | I71: Reseñas mixtas | J71: Sin contactar
A72: 71 | B72: Jiménez Carbó | C72: Desarrollo software | D72: DAW | E72: Vía Hispanidad 123, local 1, 50011 | F72: 976 96 30 27 | H72: Media | I72: Web + seguridad web | J72: Sin contactar
A73: 72 | B73: Digital Zaragoza | C73: Desarrollo software | D73: DAW | E73: Pº Independencia 22, pl. 8, 50004 | F73: 976 39 91 55 | H73: Baja | J73: Sin contactar
A74: 73 | B74: El Estudio de Andrés | C74: Desarrollo software | D74: DAW | E74: C. Duquesa de Villahermosa 31, 7ºB, 50010 | F74: 654 42 22 20 | H74: Baja | I74: Unipersonal | J74: Sin contactar
A75: 74 | B75: Nubidoc / Treebole | C75: Desarrollo software | D75: DAM/DAW | E75: C. Santa Lucía 9, 50003 | F75: 876 01 95 53 | G75: nubidoc.com | H75: Media | I75: Software clínicas (SaaS) | J75: Sin contactar
A76: 75 | B76: Audinfor System | C76: Desarrollo software | D76: DAM | E76: C. Marcelino Álvarez 84, 50012 | F76: 976 31 20 18 | H76: Media | I76: Software sector energético | J76: Sin contactar
A77: 76 | B77: The Big Tech Experience | C77: Desarrollo software | D77: DAM/SMR | E77: C. Asalto 23, 50002 | F77: 876 53 86 43 | H77: Media | I77: ERP + TPV | J77: Sin contactar
A78: 77 | B78: Esofitec | C78: Desarrollo software | D78: DAM | E78: C. Madre Rafols 2, Ed. Aida pl. 6 of. 5, 50004 | F78: 976 46 85 53 | H78: Media | I78: ERP/contabilidad | J78: Sin contactar
A79: 78 | B79: JubiERP | C79: Desarrollo software | D79: DAM/DAW | E79: C. Ramiro I de Aragón 22, 50017 | G79: jubierp.com | H79: Baja | I79: ERP SaaS | J79: Sin contactar
A80: 79 | B80: Ahora Express Zaragoza | C80: Desarrollo software | D80: DAM/SMR | E80: C. Felisa Galé 1, 50014 | F80: 976 25 90 99 | H80: Media | I80: Software de gestión | J80: Sin contactar
A81: 80 | B81: Esprinet Ibérica | C81: Distribución / mayorista | D81: SMR | E81: PLAZA, C. Osca 2, naves 2-5, 50197 | F81: 976 76 61 10 | G81: esprinet.com | H81: Media | I81: Mayorista informática, logística | J81: Sin contactar
A82: 81 | B82: Información Tecnología y Mercado (ITM) | C82: Distribución / mayorista | D82: SMR | E82: PLAZA, C. Bari 57, 50197 | F82: 976 59 73 86 | H82: Media | J82: Sin contactar
A83: 82 | B83: Nitropc | C83: Distribución / mayorista | D83: SMR | E83: C. María Zambrano 31, torre oeste pl. 15, 50018 | F83: 876 61 45 01 | G83: nitropc.com | H83: Alta | I83: Montaje PCs, 1.300+ reseñas | J83: Sin contactar
A84: 83 | B84: Informática Zaragoza | C84: Tienda / reparación | D84: SMR | E84: C. Cortes de Aragón 64, 50005 | F84: 976 56 56 22 | G84: informaticazaragoza.com | H84: Media | I84: 396 reseñas | J84: Sin contactar
A85: 84 | B85: DCV Informática | C85: Tienda / reparación | D85: SMR | E85: Ronda Ibón de Plan 32, 50011 | F85: 675 76 88 59 | H85: Media | I85: Unipersonal, cita previa | J85: Sin contactar
A86: 85 | B86: Reparagoza | C86: Tienda / reparación | D86: SMR | E86: C. San Francisco de Borja 7, 50009 | F86: 876 45 01 86 | G86: reparagoza.com | H86: Media | J86: Sin contactar
A87: 86 | B87: Clínica de Ordenadores | C87: Tienda / reparación | D87: SMR | E87: C. Pedro María Ric 20, 50008 | F87: 976 79 61 58 | G87: clinicadeordenadores.com | H87: Media | J87: Sin contactar
A88: 87 | B88: Mundo Informático | C88: Tienda / reparación | D88: SMR | E88: Av. Almozara 51, 50003 | F88: 976 28 15 58 | G88: mundoinfo.es | H88: Media | J88: Sin contactar
A89: 88 | B89: APP Informática Actur | C89: Tienda / reparación | D89: SMR | E89: C. Rafael Alberti 21, 50018 | F89: 976 51 96 07 | H89: Media | J89: Sin contactar
A90: 89 | B90: APP Informática Pza. Mozart | C90: Tienda / reparación | D90: SMR | E90: Pº Longares 26, 50014 | F90: 976 07 50 25 | H90: Media | J90: Sin contactar
A91: 90 | B91: ATM Tiendas / Taller del Portátil | C91: Tienda / reparación | D91: SMR | E91: C. Alberto Duce 14, 50018 | F91: 976 46 61 16 | H91: Media | J91: Sin contactar
A92: 91 | B92: BEEP Informática Actur | C92: Tienda / reparación | D92: SMR | E92: C. Pablo Ruiz Picasso 18, 50015 | F92: 976 73 18 52 | G92: beep.es | H92: Media | I92: Franquicia | J92: Sin contactar
A93: 92 | B93: Infoara | C93: Tienda / reparación | D93: SMR | E93: C. Pablo Remacha 25, 50008 | F93: 640 62 07 63 | H93: Baja | J93: Sin contactar
A94: 93 | B94: Zarafix | C94: Tienda / reparación | D94: SMR | E94: Pl. Utrillas 1, local 1, 50013 | F94: 676 54 76 79 | H94: Baja | I94: Unipersonal | J94: Sin contactar
A95: 94 | B95: PCZeta | C95: Tienda / reparación | D95: SMR | E95: C. Heroísmo 34, 50002 | F95: 614 36 09 70 | H95: Baja | I95: Montaje a medida, cita previa | J95: Sin contactar
A96: 95 | B96: Informática San José | C96: Tienda / reparación | D96: SMR | E96: Av. Tenor Fleta 116, 50007 | F96: 976 37 53 07 | H96: Baja | J96: Sin contactar
A97: 96 | B97: Aragón Robotics | C97: Tienda / reparación | D97: SMR/DAM | E97: Pl. España 4, 50001 | F97: 629 80 80 07 | H97: Baja | I97: Verificar actividad | J97: Sin contactar

Sheet Resumen
A1: Resumen prospección
A3: Categoría | B3: Nº empresas | C3: Convenio firmado
A4: Consultora / gran empresa | B4: =COUNTIF(Empresas!$C$2:$C$97,A4) -> 22 | C4: =COUNTIFS(Empresas!$C$2:$C$97,A4,Empresas!$J$2:$J$97,"Convenio firmado") -> 0
A5: Desarrollo software | B5: =COUNTIF(Empresas!$C$2:$C$97,A5) -> 22 | C5: =COUNTIFS(Empresas!$C$2:$C$97,A5,Empresas!$J$2:$J$97,"Convenio firmado") -> 0
A6: Distribución / mayorista | B6: =COUNTIF(Empresas!$C$2:$C$97,A6) -> 3 | C6: =COUNTIFS(Empresas!$C$2:$C$97,A6,Empresas!$J$2:$J$97,"Convenio firmado") -> 0
A7: Organismo público / I+D | B7: =COUNTIF(Empresas!$C$2:$C$97,A7) -> 3 | C7: =COUNTIFS(Empresas!$C$2:$C$97,A7,Empresas!$J$2:$J$97,"Convenio firmado") -> 0
A8: Redes y ciberseguridad | B8: =COUNTIF(Empresas!$C$2:$C$97,A8) -> 3 | C8: =COUNTIFS(Empresas!$C$2:$C$97,A8,Empresas!$J$2:$J$97,"Convenio firmado") -> 0
A9: Redes y telecomunicaciones | B9: =COUNTIF(Empresas!$C$2:$C$97,A9) -> 8 | C9: =COUNTIFS(Empresas!$C$2:$C$97,A9,Empresas!$J$2:$J$97,"Convenio firmado") -> 0
A10: Soporte IT empresas | B10: =COUNTIF(Empresas!$C$2:$C$97,A10) -> 21 | C10: =COUNTIFS(Empresas!$C$2:$C$97,A10,Empresas!$J$2:$J$97,"Convenio firmado") -> 0
A11: Tienda / reparación | B11: =COUNTIF(Empresas!$C$2:$C$97,A11) -> 14 | C11: =COUNTIFS(Empresas!$C$2:$C$97,A11,Empresas!$J$2:$J$97,"Convenio firmado") -> 0
A12: TOTAL | B12: =SUM(B4:B11) -> 96 | C12: =SUM(C4:C11) -> 0
A14: Estado | B14: Nº
A15: Sin contactar | B15: =COUNTIF(Empresas!$J$2:$J$97,A15) -> 96
A16: Contactado | B16: =COUNTIF(Empresas!$J$2:$J$97,A16) -> 0
A17: Interesada | B17: =COUNTIF(Empresas!$J$2:$J$97,A17) -> 0
A18: Convenio firmado | B18: =COUNTIF(Empresas!$J$2:$J$97,A18) -> 0
A19: Rechazada | B19: =COUNTIF(Empresas!$J$2:$J$97,A19) -> 0
A21: Leyenda: celdas amarillas de la hoja Empresas son las de seguimiento a rellenar. Fuente del listado: Google Maps (sept. 2026) + empresas TIC conocidas de Zaragoza; verificar teléfonos y direcciones antes de firmar convenio.
